search_term,stockcode,name,brand,price,cup_price,package_size,image_url,url
milk,208064,a2 Milk Full Cream Milk,a2,7.3,$3.65 / 1L,2L,https://cdn0.woolworths.media/content/wowproductimages/small/208064.jpg,https://www.woolworths.com.au/shop/productdetails/208064
milk,6073909,Full+ On The Go Meal Replacement Chocolate,Full+,5.95,$12.40 / 1L,480mL,https://cdn0.woolworths.media/content/wowproductimages/small/6073909.jpg,https://www.woolworths.com.au/shop/productdetails/6073909
milk,6074037,Full+ On The Go Meal Replacement Iced Coffee,Full+,5.95,$12.40 / 1L,480mL,https://cdn0.woolworths.media/content/wowproductimages/small/6074037.jpg,https://www.woolworths.com.au/shop/productdetails/6074037
milk,797407,a2 Milk Full Cream Milk,a2,10.5,$3.50 / 1L,3L,https://cdn0.woolworths.media/content/wowproductimages/small/797407.jpg,https://www.woolworths.com.au/shop/productdetails/797407
milk,888140,Woolworths Full Cream Milk,Woolworths,5.15,$1.72 / 1L,3L,https://cdn0.woolworths.media/content/wowproductimages/small/888140.jpg,https://www.woolworths.com.au/shop/productdetails/888140
milk,888137,Woolworths Full Cream Milk,Woolworths,3.55,$1.78 / 1L,2L,https://cdn0.woolworths.media/content/wowproductimages/small/888137.jpg,https://www.woolworths.com.au/shop/productdetails/888137
milk,88436,Dairy Farmers Full Cream Milk Full Cream Milk,Dairy Farmers,4.7,$2.35 / 1L,2L,https://cdn0.woolworths.media/content/wowproductimages/small/088436.jpg,https://www.woolworths.com.au/shop/productdetails/88436
milk,50923,Woolworths Full Cream Milk,Woolworths,1.85,$1.85 / 1L,1L,https://cdn0.woolworths.media/content/wowproductimages/small/050923.jpg,https://www.woolworths.com.au/shop/productdetails/50923
milk,405010,Farmhouse Gold Full Cream Milk Full Cream Milk,Farmhouse Gold,4.95,$3.30 / 1L,1.5L,https://cdn0.woolworths.media/content/wowproductimages/small/405010.jpg,https://www.woolworths.com.au/shop/productdetails/405010
milk,145536,Dairy Farmers Full Cream Milk,Dairy Farmers,3,$3.00 / 1L,1L,https://cdn0.woolworths.media/content/wowproductimages/small/145536.jpg,https://www.woolworths.com.au/shop/productdetails/145536
milk,6052122,Shake 2 Go Protein Liquid Recharge Milk Chocolate,Shake 2 Go,3.5,$10.00 / 1L,350mL,https://cdn0.woolworths.media/content/wowproductimages/small/6052122.jpg,https://www.woolworths.com.au/shop/productdetails/6052122
milk,6052006,Shake 2 Go Protein Liquid Recharge Milk Vanilla,Shake 2 Go,3.5,$10.00 / 1L,350mL,https://cdn0.woolworths.media/content/wowproductimages/small/6052006.jpg,https://www.woolworths.com.au/shop/productdetails/6052006
milk,208066,a2 Milk Light Milk,a2,7.3,$3.65 / 1L,2L,https://cdn0.woolworths.media/content/wowproductimages/small/208066.jpg,https://www.woolworths.com.au/shop/productdetails/208066
milk,6081704,Devondale High Protein Full Cream Long Life Milk,Devondale,2.5,$2.50 / 1L,1L,https://cdn0.woolworths.media/content/wowproductimages/small/6081704.jpg,https://www.woolworths.com.au/shop/productdetails/6081704
milk,64746,Dairy Farmers Full Cream Milk Full Cream Milk,Dairy Farmers,6.7,$2.23 / 1L,3L,https://cdn0.woolworths.media/content/wowproductimages/small/064746.jpg,https://www.woolworths.com.au/shop/productdetails/64746
milk,404984,Farmhouse Gold Unhomogenised Milk Unhomogenised,Farmhouse Gold,4.95,$3.30 / 1L,1.5L,https://cdn0.woolworths.media/content/wowproductimages/small/404984.jpg,https://www.woolworths.com.au/shop/productdetails/404984
milk,330251,Dairy Farmers Heart Active Milk,Dairy Farmers,4.1,$4.10 / 1L,1L,https://cdn0.woolworths.media/content/wowproductimages/small/330251.jpg,https://www.woolworths.com.au/shop/productdetails/330251
milk,44528,Norco Full Cream Milk,Norco,5.05,$2.53 / 1L,2L,https://cdn0.woolworths.media/content/wowproductimages/small/044528.jpg,https://www.woolworths.com.au/shop/productdetails/44528
milk,204746,Pauls Smarter White Low Fat Milk,Pauls,5.1,$2.55 / 1L,2L,https://cdn0.woolworths.media/content/wowproductimages/small/204746.jpg,https://www.woolworths.com.au/shop/productdetails/204746
milk,786816,Farmers Own Full Cream Milk,Farmers Own,5.85,$1.95 / 1L,3L,https://cdn0.woolworths.media/content/wowproductimages/small/786816.jpg,https://www.woolworths.com.au/shop/productdetails/786816
milk,365569,Macro Organic Full Cream Milk,Macro,2.5,$2.50 / 1L,1L,https://cdn0.woolworths.media/content/wowproductimages/small/365569.jpg,https://www.woolworths.com.au/shop/productdetails/365569
milk,785722,Pauls Zymil Lactose Free Full Cream Milk,Pauls,6.9,$3.45 / 1L,2L,https://cdn0.woolworths.media/content/wowproductimages/small/785722.jpg,https://www.woolworths.com.au/shop/productdetails/785722
milk,113887,Riverina Fresh Full Cream Milk,Riverina,5.15,$2.58 / 1L,2L,https://cdn0.woolworths.media/content/wowproductimages/small/113887.jpg,https://www.woolworths.com.au/shop/productdetails/113887
milk,56591,Norco Full Cream Milk,Norco,7.2,$2.40 / 1L,3L,https://cdn0.woolworths.media/content/wowproductimages/small/056591.jpg,https://www.woolworths.com.au/shop/productdetails/56591
milk,216872,a2 Milk Full Cream Milk,a2,4.1,$4.10 / 1L,1L,https://cdn0.woolworths.media/content/wowproductimages/small/216872.jpg,https://www.woolworths.com.au/shop/productdetails/216872
milk,665750,Woolworths Free From Lactose Full Cream Milk,Woolworths,3.4,$3.40 / 1L,1L,https://cdn0.woolworths.media/content/wowproductimages/small/665750.jpg,https://www.woolworths.com.au/shop/productdetails/665750
milk,6051862,Woolworths Free From Lactose Milk Full Cream,Woolworths,5.05,$2.53 / 1L,2L,https://cdn0.woolworths.media/content/wowproductimages/small/6051862.jpg,https://www.woolworths.com.au/shop/productdetails/6051862
milk,404980,Farmhouse Gold Full Cream Milk Milk,Farmhouse Gold,3.8,$5.07 / 1L,750mL,https://cdn0.woolworths.media/content/wowproductimages/small/404980.jpg,https://www.woolworths.com.au/shop/productdetails/404980
milk,316080,Norco Full Cream Milk,Norco,3.05,$3.05 / 1L,1L,https://cdn0.woolworths.media/content/wowproductimages/small/316080.jpg,https://www.woolworths.com.au/shop/productdetails/316080
milk,757826,Farmers Own Full Cream Homogenised,Farmers Own,3.95,$1.98 / 1L,2L,https://cdn0.woolworths.media/content/wowproductimages/small/757826.jpg,https://www.woolworths.com.au/shop/productdetails/757826
eggs,6023138,Pace Farm 18 For Everyone Free Range Large Eggs,Pace Farm,9.9,$1.10 / 100G,900g,https://cdn0.woolworths.media/content/wowproductimages/small/6023138.jpg,https://www.woolworths.com.au/shop/productdetails/6023138
eggs,771237,Sunny Queen 18 Large Free Range Eggs,Sunny Queen,13.2,$1.47 / 100G,900g,https://cdn0.woolworths.media/content/wowproductimages/small/771237.jpg,https://www.woolworths.com.au/shop/productdetails/771237
eggs,77170,Sunny Queen 12 Extra Large Free Range Eggs,Sunny Queen,7,$1.00 / 100G,700g,https://cdn0.woolworths.media/content/wowproductimages/small/077170.jpg,https://www.woolworths.com.au/shop/productdetails/77170
eggs,165367,Woolworths 12 Extra Large Cage Free Eggs,Woolworths,5.7,$0.81 / 100G,700g,https://cdn0.woolworths.media/content/wowproductimages/small/165367.jpg,https://www.woolworths.com.au/shop/productdetails/165367
eggs,313900,Manning Valley 12 Extra Large Free Range Eggs,Manning Valley,8.7,$1.24 / 100G,700g,https://cdn0.woolworths.media/content/wowproductimages/small/313900.jpg,https://www.woolworths.com.au/shop/productdetails/313900
eggs,224763,Woolworths 12 X-Large Free Range Eggs,Woolworths,6.5,$0.93 / 100G,700g,https://cdn0.woolworths.media/content/wowproductimages/small/224763.jpg,https://www.woolworths.com.au/shop/productdetails/224763
eggs,700426,Woolworths 6 Extra Large Free Range Eggs,Woolworths,4.9,$1.40 / 100G,350g,https://cdn0.woolworths.media/content/wowproductimages/small/700426.jpg,https://www.woolworths.com.au/shop/productdetails/700426
eggs,6023079,Pace Farm 12 For Everyone Extra Large Free Range Eggs,Pace Farm,,,700g,https://cdn0.woolworths.media/content/wowproductimages/small/6023079.jpg,https://www.woolworths.com.au/shop/productdetails/6023079
eggs,191726,Macro 12 Organic Large Free Range Eggs,Macro,10.6,$1.77 / 100G,600g,https://cdn0.woolworths.media/content/wowproductimages/small/191726.jpg,https://www.woolworths.com.au/shop/productdetails/191726
eggs,6023057,Pace Farm 18 For Everyone Large Barn Laid Eggs,Pace Farm,9.5,$1.06 / 100G,900g,https://cdn0.woolworths.media/content/wowproductimages/small/6023057.jpg,https://www.woolworths.com.au/shop/productdetails/6023057
eggs,118213,Simply Eggs 12 Extra Large Cage Free Eggs,Simply Eggs,5.9,$0.84 / 100G,700g,https://cdn0.woolworths.media/content/wowproductimages/small/118213.jpg,https://www.woolworths.com.au/shop/productdetails/118213
eggs,140770,Sunny Queen 12 Organic Extra Large Free Range Eggs,Sunny Queen,13.3,$1.90 / 100G,700g,https://cdn0.woolworths.media/content/wowproductimages/small/140770.jpg,https://www.woolworths.com.au/shop/productdetails/140770
eggs,689556,Manning Valley 18 Large Free Range Eggs,Manning Valley,12,$1.33 / 100G,900g,https://cdn0.woolworths.media/content/wowproductimages/small/689556.jpg,https://www.woolworths.com.au/shop/productdetails/689556
eggs,140588,Yallamundi Farm 12 Organic Extra Large Eggs,Yallamundi Farm,14.3,$2.04 / 100G,700g,https://cdn0.woolworths.media/content/wowproductimages/small/140588.jpg,https://www.woolworths.com.au/shop/productdetails/140588
eggs,203576,Yallamundi Farm 12 Extra Large Pasture Raised Free Range Eggs,Yallamundi Farm,,,700g,https://cdn0.woolworths.media/content/wowproductimages/small/203576.jpg,https://www.woolworths.com.au/shop/productdetails/203576
eggs,263708,Sunny Queen 30 Extra Large Cage Free Eggs Cage Free Eggs,Sunny Queen,18.15,$1.04 / 100G,1.75kg,https://cdn0.woolworths.media/content/wowproductimages/small/263708.jpg,https://www.woolworths.com.au/shop/productdetails/263708
eggs,74593,Woolworths 18 Large Cage Free Eggs,Woolworths,8,$0.89 / 100G,900g,https://cdn0.woolworths.media/content/wowproductimages/small/074593.jpg,https://www.woolworths.com.au/shop/productdetails/74593
eggs,224762,Woolworths 12 Large Free Range Eggs,Woolworths,6.2,$1.03 / 100G,600g,https://cdn0.woolworths.media/content/wowproductimages/small/224762.jpg,https://www.woolworths.com.au/shop/productdetails/224762
eggs,117784,Open Range 12 Extra Large Free Range Eggs,Open Range,7.6,$1.09 / 100G,700g,https://cdn0.woolworths.media/content/wowproductimages/small/117784.jpg,https://www.woolworths.com.au/shop/productdetails/117784
eggs,363392,Manning Valley 12 Jumbo Free Range Eggs,Manning Valley,9.9,$1.24 / 100G,800g,https://cdn0.woolworths.media/content/wowproductimages/small/363392.jpg,https://www.woolworths.com.au/shop/productdetails/363392
eggs,6024043,Pace Farm 12 For Everyone Extra Large Barn Laid Eggs,Pace Farm,6.4,$0.91 / 100G,700g,https://cdn0.woolworths.media/content/wowproductimages/small/6024043.jpg,https://www.woolworths.com.au/shop/productdetails/6024043
eggs,6024266,Pace Farm 6 For Everyone Large Barn Laid Eggs,Pace Farm,4.75,$1.36 / 100G,350g,https://cdn0.woolworths.media/content/wowproductimages/small/6024266.jpg,https://www.woolworths.com.au/shop/productdetails/6024266
eggs,6023772,Pace Farm 12 For Everyone Jumbo Barn Laid Eggs,Pace Farm,7.95,$0.99 / 100G,800g,https://cdn0.woolworths.media/content/wowproductimages/small/6023772.jpg,https://www.woolworths.com.au/shop/productdetails/6023772
eggs,386024,Ash & Sons 12 X Large Free Range Eggs,Ash & Sons,,,800g,https://cdn0.woolworths.media/content/wowproductimages/small/386024.jpg,https://www.woolworths.com.au/shop/productdetails/386024
eggs,206063,Yallamundi Farm 6 Organic Large Free Range Eggs,Yallamundi Farm,7.85,$2.62 / 100G,300g,https://cdn0.woolworths.media/content/wowproductimages/small/206063.jpg,https://www.woolworths.com.au/shop/productdetails/206063
chicken breast,710953,Woolworths RSPCA Approved Chicken Breast Fillet,Woolworths,9,$9.00 / 1KG,per 350g,https://cdn0.woolworths.media/content/wowproductimages/small/710953.jpg,https://www.woolworths.com.au/shop/productdetails/710953
chicken breast,969723,Woolworths RSPCA Approved Chicken Breast Fillet,Woolworths,18.7,$11.00 / 1KG,1.3kg - 1.7kg,https://cdn0.woolworths.media/content/wowproductimages/small/969723.jpg,https://www.woolworths.com.au/shop/productdetails/969723
chicken breast,700228,Macro Chicken Breast Fillets Free Range,Macro,19.18,$13.70 / 1KG,700g - 1.4kg,https://cdn0.woolworths.media/content/wowproductimages/small/700228.jpg,https://www.woolworths.com.au/shop/productdetails/700228
chicken breast,119259,Woolworths RSPCA Approved Chicken Breast Fillet Skinless Small,Woolworths,9.43,$14.50 / 1KG,500g - 650g,https://cdn0.woolworths.media/content/wowproductimages/small/119259.jpg,https://www.woolworths.com.au/shop/productdetails/119259
chicken breast,114261,Woolworths RSPCA Approved Chicken Breast Diced,Woolworths,13.5,$13.50 / 1KG,1kg,https://cdn0.woolworths.media/content/wowproductimages/small/114261.jpg,https://www.woolworths.com.au/shop/productdetails/114261
chicken breast,184628,Macro Chicken Breast Fillets Free Range,Macro,14.4,$16.00 / 1KG,400g - 900g,https://cdn0.woolworths.media/content/wowproductimages/small/184628.jpg,https://www.woolworths.com.au/shop/productdetails/184628
chicken breast,353754,Woolworths RSPCA Approved Chicken Breast Diced,Woolworths,8.5,$17.00 / 1KG,500g,https://cdn0.woolworths.media/content/wowproductimages/small/353754.jpg,https://www.woolworths.com.au/shop/productdetails/353754
chicken breast,902837,The Bare Bird Free Range Chicken Breast Fillets,The Bare Bird,13.5,$22.50 / 1KG,600g,https://cdn0.woolworths.media/content/wowproductimages/small/902837.jpg,https://www.woolworths.com.au/shop/productdetails/902837
chicken breast,354066,Macro Free Range Diced Chicken Breast,Macro,13,$26.00 / 1KG,500g,https://cdn0.woolworths.media/content/wowproductimages/small/354066.jpg,https://www.woolworths.com.au/shop/productdetails/354066
chicken breast,114251,Macro Free Range Chicken Breast Schnitzel,Macro,12,$24.00 / 1KG,500g,https://cdn0.woolworths.media/content/wowproductimages/small/114251.jpg,https://www.woolworths.com.au/shop/productdetails/114251
chicken breast,6002198,Macro RSPCA Approved Chicken Breast Free Range Single,Macro,7.5,$25.00 / 1KG,300g,https://cdn0.woolworths.media/content/wowproductimages/small/6002198.jpg,https://www.woolworths.com.au/shop/productdetails/6002198
chicken breast,114253,Woolworths RSPCA Approved Chicken Breast Schnitzels,Woolworths,10.5,$21.00 / 1KG,500g,https://cdn0.woolworths.media/content/wowproductimages/small/114253.jpg,https://www.woolworths.com.au/shop/productdetails/114253
chicken breast,114258,Woolworths RSPCA Approved Chicken Tenderloins,Woolworths,9.9,$16.50 / 1KG,600g,https://cdn0.woolworths.media/content/wowproductimages/small/114258.jpg,https://www.woolworths.com.au/shop/productdetails/114258
chicken breast,229324,Macro Organic Chicken Breast Fillet,Macro,,,300g - 600g,https://cdn0.woolworths.media/content/wowproductimages/small/229324.jpg,https://www.woolworths.com.au/shop/productdetails/229324
chicken breast,700279,Macro Chicken Tenderloins Free Range,Macro,14.18,$19.70 / 1KG,450g - 720g,https://cdn0.woolworths.media/content/wowproductimages/small/700279.jpg,https://www.woolworths.com.au/shop/productdetails/700279
chicken breast,6034899,Macro Organic Chicken Breast Strips,Macro,,,400g,https://cdn0.woolworths.media/content/wowproductimages/small/6034899.jpg,https://www.woolworths.com.au/shop/productdetails/6034899
chicken breast,24593,The Bare Bird Free Range Chicken Tenderloins Tenderloins,The Bare Bird,12.6,$22.50 / 1KG,380g - 560g,https://cdn0.woolworths.media/content/wowproductimages/small/024593.jpg,https://www.woolworths.com.au/shop/productdetails/24593
chicken breast,785788,Moira Mac's Roasted Chicken Breast Shredded From The Deli,Moira Mac's,30,$30.00 / 1KG,per 100g,https://cdn0.woolworths.media/content/wowproductimages/small/785788.jpg,https://www.woolworths.com.au/shop/productdetails/785788
chicken breast,11303,Moira Mac's Marinated BBQ Chicken Breast Sliced From The Deli,Moira Mac's,30,$30.00 / 1KG,per 100g,https://cdn0.woolworths.media/content/wowproductimages/small/011303.jpg,https://www.woolworths.com.au/shop/productdetails/11303
chicken breast,544762,Primo Chicken Breast Sliced Thinly Sliced,Primo,3.95,$49.38 / 1KG,80g,https://cdn0.woolworths.media/content/wowproductimages/small/544762.jpg,https://www.woolworths.com.au/shop/productdetails/544762
chicken breast,16349,Ingham's Chicken Breast Supreme Sliced From The Deli,Ingham's,21,$21.00 / 1KG,per 100g,https://cdn0.woolworths.media/content/wowproductimages/small/016349.jpg,https://www.woolworths.com.au/shop/productdetails/16349
chicken breast,98431,Ingham's Chicken Breast Supreme Shaved From The Deli,Ingham's,21,$21.00 / 1KG,per 100g,https://cdn0.woolworths.media/content/wowproductimages/small/098431.jpg,https://www.woolworths.com.au/shop/productdetails/98431
chicken breast,247966,Primo Chicken Breast Sliced 25% Less Salt,Primo,3.95,$49.38 / 1KG,80g,https://cdn0.woolworths.media/content/wowproductimages/small/247966.jpg,https://www.woolworths.com.au/shop/productdetails/247966
chicken breast,6078152,Primo Protein Roast Chicken Breast,Primo,6.9,$46.00 / 1KG,150g,https://cdn0.woolworths.media/content/wowproductimages/small/6078152.jpg,https://www.woolworths.com.au/shop/productdetails/6078152
garlic,948491,Gourmet Garden Cold Blend Pastes Garlic,Gourmet Garden,4.2,$0.53 / 10G,80g,https://cdn0.woolworths.media/content/wowproductimages/small/948491.jpg,https://www.woolworths.com.au/shop/productdetails/948491
garlic,6072786,Masterfoods Garlic Truffle Seasoning,Masterfoods,4.95,$0.99 / 10G,50g,https://cdn0.woolworths.media/content/wowproductimages/small/6072786.jpg,https://www.woolworths.com.au/shop/productdetails/6072786
garlic,50748,MasterFoods Garlic & Herb Salt Seasoning Salt,MasterFoods,3.5,$0.56 / 10G,62g,https://cdn0.woolworths.media/content/wowproductimages/small/050748.jpg,https://www.woolworths.com.au/shop/productdetails/50748
garlic,6072539,Masterfoods Miso Garlic Seasoning,Masterfoods,4.95,$0.90 / 10G,55g,https://cdn0.woolworths.media/content/wowproductimages/small/6072539.jpg,https://www.woolworths.com.au/shop/productdetails/6072539
garlic,713429,Woolworths Garlic Head,Woolworths,1.88,$1.88 / 1EA,each,https://cdn0.woolworths.media/content/wowproductimages/small/713429.jpg,https://www.woolworths.com.au/shop/productdetails/713429
garlic,120847,Woolworths Garlic,Woolworths,3.5,$1.17 / 1EA,3 pack,https://cdn0.woolworths.media/content/wowproductimages/small/120847.jpg,https://www.woolworths.com.au/shop/productdetails/120847
garlic,253320,Woolworths Garlic Cloves,Woolworths,2.9,$41.43 / 1KG,70g,https://cdn0.woolworths.media/content/wowproductimages/small/253320.jpg,https://www.woolworths.com.au/shop/productdetails/253320
garlic,706450,Gourmet Garden Cold Blend Pastes Garlic Value,Gourmet Garden,5.2,$0.43 / 10G,120g,https://cdn0.woolworths.media/content/wowproductimages/small/706450.jpg,https://www.woolworths.com.au/shop/productdetails/706450
garlic,185243,Galiko All Natural Garlic Minced Jar,Galiko,3,$0.21 / 10G,145g,https://cdn0.woolworths.media/content/wowproductimages/small/185243.jpg,https://www.woolworths.com.au/shop/productdetails/185243
garlic,77385,Woolworths Minced Garlic,Woolworths,2.3,$0.05 / 10G,500g,https://cdn0.woolworths.media/content/wowproductimages/small/077385.jpg,https://www.woolworths.com.au/shop/productdetails/77385
garlic,35551,MasterFoods Large Garlic Salt Seasoning Salt,MasterFoods,6.5,$0.31 / 10G,210g,https://cdn0.woolworths.media/content/wowproductimages/small/035551.jpg,https://www.woolworths.com.au/shop/productdetails/35551
garlic,355479,MasterFoods Lemon Herb & Garlic Seasoning,MasterFoods,3.5,$0.76 / 10G,46g,https://cdn0.woolworths.media/content/wowproductimages/small/355479.jpg,https://www.woolworths.com.au/shop/productdetails/355479
garlic,32760,MasterFoods Garlic Salt,MasterFoods,3.5,$0.50 / 10G,70g,https://cdn0.woolworths.media/content/wowproductimages/small/032760.jpg,https://www.woolworths.com.au/shop/productdetails/32760
garlic,6019282,MasterFoods Garlic & Herb Spice Blend No Added Salt,MasterFoods,3.5,$0.83 / 10G,42g,https://cdn0.woolworths.media/content/wowproductimages/small/6019282.jpg,https://www.woolworths.com.au/shop/productdetails/6019282
garlic,77384,Woolworths Minced Garlic,Woolworths,1.25,$0.05 / 10G,250g,https://cdn0.woolworths.media/content/wowproductimages/small/077384.jpg,https://www.woolworths.com.au/shop/productdetails/77384
garlic,226497,The Food Company Garlic Chopped,The Food Company,5,$0.13 / 10G,375g,https://cdn0.woolworths.media/content/wowproductimages/small/226497.jpg,https://www.woolworths.com.au/shop/productdetails/226497
garlic,9096,MasterFoods Finely Crushed Garlic,MasterFoods,2.7,$0.16 / 10G,170g,https://cdn0.woolworths.media/content/wowproductimages/small/009096.jpg,https://www.woolworths.com.au/shop/productdetails/9096
garlic,17156,Jensens Organic Crushed Garlic,Jensens,4.4,$0.20 / 10G,220g,https://cdn0.woolworths.media/content/wowproductimages/small/017156.jpg,https://www.woolworths.com.au/shop/productdetails/17156
garlic,6011490,Always Fresh Minced Garlic,Always Fresh,2.1,$0.10 / 10G,220g,https://cdn0.woolworths.media/content/wowproductimages/small/6011490.jpg,https://www.woolworths.com.au/shop/productdetails/6011490
garlic,169764,The Food Company Garlic Ginger & Shallots,The Food Company,4.5,$0.19 / 10G,240g,https://cdn0.woolworths.media/content/wowproductimages/small/169764.jpg,https://www.woolworths.com.au/shop/productdetails/169764
garlic,583615,Woolworths Roast Mixed Vegetables With Garlic & Rosemary,Woolworths,5.5,$11.00 / 1KG,500g,https://cdn0.woolworths.media/content/wowproductimages/small/583615.jpg,https://www.woolworths.com.au/shop/productdetails/583615
garlic,251020,Woolworths Garlic Powder,Woolworths,2,$0.40 / 10G,50g,https://cdn0.woolworths.media/content/wowproductimages/small/251020.jpg,https://www.woolworths.com.au/shop/productdetails/251020
garlic,251014,Woolworths Garlic Granules,Woolworths,2,$0.44 / 10G,45g,https://cdn0.woolworths.media/content/wowproductimages/small/251014.jpg,https://www.woolworths.com.au/shop/productdetails/251014
garlic,6019165,MasterFoods Garlic Powder,MasterFoods,6.5,$0.46 / 10G,140g,https://cdn0.woolworths.media/content/wowproductimages/small/6019165.jpg,https://www.woolworths.com.au/shop/productdetails/6019165
garlic,35203,MasterFoods Garlic Granules,MasterFoods,6.5,$0.42 / 10G,155g,https://cdn0.woolworths.media/content/wowproductimages/small/035203.jpg,https://www.woolworths.com.au/shop/productdetails/35203
garlic,70288,Hoyt's Garlic Granules,Hoyt's,2.4,$0.60 / 10G,40g,https://cdn0.woolworths.media/content/wowproductimages/small/070288.jpg,https://www.woolworths.com.au/shop/productdetails/70288
garlic,6016935,MasterFoods Garlic Powder,MasterFoods,3.5,$0.78 / 10G,45g,https://cdn0.woolworths.media/content/wowproductimages/small/6016935.jpg,https://www.woolworths.com.au/shop/productdetails/6016935
garlic,58553,McCormick Organic Garlic Powder,McCormick,2.5,$1.47 / 10G,17g,https://cdn0.woolworths.media/content/wowproductimages/small/058553.jpg,https://www.woolworths.com.au/shop/productdetails/58553
garlic,94637,Hoyt's Garlic Powder,Hoyt's,1.8,$0.72 / 10G,25g,https://cdn0.woolworths.media/content/wowproductimages/small/094637.jpg,https://www.woolworths.com.au/shop/productdetails/94637
garlic,488287,Mingle Greek Garlic Seasoning,Mingle,3.95,$0.88 / 10G,45g,https://cdn0.woolworths.media/content/wowproductimages/small/488287.jpg,https://www.woolworths.com.au/shop/productdetails/488287
garlic,170002,Mingle Garlic & Herb All Natural Seasoning,Mingle,3.95,$0.79 / 10G,50g,https://cdn0.woolworths.media/content/wowproductimages/small/170002.jpg,https://www.woolworths.com.au/shop/productdetails/170002
onion,144329,Onion Brown,,0.63,$0.63 / 1EA,each,https://cdn0.woolworths.media/content/wowproductimages/small/144329.jpg,https://www.woolworths.com.au/shop/productdetails/144329
onion,144497,Onion Red,,0.83,$0.83 / 1EA,each,https://cdn0.woolworths.media/content/wowproductimages/small/144497.jpg,https://www.woolworths.com.au/shop/productdetails/144497
onion,144336,Woolworths Onion Brown Bag,Woolworths,2.5,$2.50 / 1KG,1kg,https://cdn0.woolworths.media/content/wowproductimages/small/144336.jpg,https://www.woolworths.com.au/shop/productdetails/144336
onion,144427,Woolworths Brown Onions Bag,Woolworths,5.5,$2.75 / 1KG,2kg,https://cdn0.woolworths.media/content/wowproductimages/small/144427.jpg,https://www.woolworths.com.au/shop/productdetails/144427
onion,124751,Woolworths Red Onions Bag,Woolworths,5,$5.00 / 1KG,1kg,https://cdn0.woolworths.media/content/wowproductimages/small/124751.jpg,https://www.woolworths.com.au/shop/productdetails/124751
onion,147603,Spring Onion Bunch,,3,$3.00 / 1EA,each,https://cdn0.woolworths.media/content/wowproductimages/small/147603.jpg,https://www.woolworths.com.au/shop/productdetails/147603
onion,189459,Onion Shallot French,,0.65,$0.65 / 1EA,each,https://cdn0.woolworths.media/content/wowproductimages/small/189459.jpg,https://www.woolworths.com.au/shop/productdetails/189459
onion,144523,Onion White,,0.89,$0.89 / 1EA,each,https://cdn0.woolworths.media/content/wowproductimages/small/144523.jpg,https://www.woolworths.com.au/shop/productdetails/144523
onion,105931,Woolworths Fresh Onion White Globe Bunch,Woolworths,,,each,https://cdn0.woolworths.media/content/wowproductimages/small/105931.jpg,https://www.woolworths.com.au/shop/productdetails/105931
onion,211784,Spanish Onion Red Organic,,4.9,$9.80 / 1KG,500g,https://cdn0.woolworths.media/content/wowproductimages/small/211784.jpg,https://www.woolworths.com.au/shop/productdetails/211784
onion,122674,Macro Onion Spring Organic,Macro,5,$5.00 / 1EA,each,https://cdn0.woolworths.media/content/wowproductimages/small/122674.jpg,https://www.woolworths.com.au/shop/productdetails/122674
onion,61998,Woolworths Prep Set Go Frozen Diced Onions,Woolworths,3,$6.00 / 1KG,500g,https://cdn0.woolworths.media/content/wowproductimages/small/061998.jpg,https://www.woolworths.com.au/shop/productdetails/61998
onion,1117265701,Green Onions,Hal Leonard,35,,,https://cdn0.woolworths.media/content/wowproductimages/small/1117265701.jpg,https://www.woolworths.com.au/shop/productdetails/1117265701
onion,540885,Three Threes Peppered Pickled Onions,Three Threes,5.25,$10.50 / 1KG,500g,https://cdn0.woolworths.media/content/wowproductimages/small/540885.jpg,https://www.woolworths.com.au/shop/productdetails/540885
onion,504615,Three Threes Pickled Onions,Three Threes,5.25,$10.10 / 1KG,520g,https://cdn0.woolworths.media/content/wowproductimages/small/504615.jpg,https://www.woolworths.com.au/shop/productdetails/504615
onion,204294,Woolworths Onions Cocktail,Woolworths,2.5,$5.00 / 1KG,500g,https://cdn0.woolworths.media/content/wowproductimages/small/204294.jpg,https://www.woolworths.com.au/shop/productdetails/204294
onion,43114,Rosella White Cocktail Onions,Rosella,2.5,$16.67 / 1KG,150g,https://cdn0.woolworths.media/content/wowproductimages/small/043114.jpg,https://www.woolworths.com.au/shop/productdetails/43114
onion,32471,Rosella Red Cocktail Onions,Rosella,2.5,$16.67 / 1KG,150g,https://cdn0.woolworths.media/content/wowproductimages/small/032471.jpg,https://www.woolworths.com.au/shop/productdetails/32471
onion,74080,Fehlbergs Onions Pickled,Fehlbergs,4,$8.00 / 1KG,500g,https://cdn0.woolworths.media/content/wowproductimages/small/074080.jpg,https://www.woolworths.com.au/shop/productdetails/74080
onion,32374,Rosella Green Cocktail Onions,Rosella,2.5,$16.67 / 1KG,150g,https://cdn0.woolworths.media/content/wowproductimages/small/032374.jpg,https://www.woolworths.com.au/shop/productdetails/32374
onion,47554,Three Threes Onions Pickled Old Style,Three Threes,5.25,$10.50 / 1KG,500g,https://cdn0.woolworths.media/content/wowproductimages/small/047554.jpg,https://www.woolworths.com.au/shop/productdetails/47554
onion,25087,Blue Banner Onions Pickled,Blue Banner,6,$11.43 / 1KG,525g,https://cdn0.woolworths.media/content/wowproductimages/small/025087.jpg,https://www.woolworths.com.au/shop/productdetails/25087
onion,236812,Blue Banner Sliced Red Pickled Onions,Blue Banner,6,$1.14 / 100G,525g,https://cdn0.woolworths.media/content/wowproductimages/small/236812.jpg,https://www.woolworths.com.au/shop/productdetails/236812
onion,74317,Yates Spring Onions Seeds,Yates,4.3,,each,https://cdn0.woolworths.media/content/wowproductimages/small/074317.jpg,https://www.woolworths.com.au/shop/productdetails/74317
olive oil,83991,Moro Primero Extra Virgin Olive Oil,Moro,27,$2.70 / 100ML,1L,https://cdn0.woolworths.media/content/wowproductimages/small/083991.jpg,https://www.woolworths.com.au/shop/productdetails/83991
olive oil,25065,Moro Primero Extra Virgin Olive Oil,Moro,16,$3.20 / 100ML,500mL,https://cdn0.woolworths.media/content/wowproductimages/small/025065.jpg,https://www.woolworths.com.au/shop/productdetails/25065
olive oil,6008259,Moro Extra Virgin Olive Oil Squeeze Bottle,Moro,10,$2.00 / 100ML,500mL,https://cdn0.woolworths.media/content/wowproductimages/small/6008259.jpg,https://www.woolworths.com.au/shop/productdetails/6008259
olive oil,83992,Moro Primero Extra Virgin Olive Oil,Moro,45,$1.13 / 100ML,4L,https://cdn0.woolworths.media/content/wowproductimages/small/083992.jpg,https://www.woolworths.com.au/shop/productdetails/83992
olive oil,698861,Woolworths Essentials Olive Oil,Woolworths Essentials,9.5,$0.95 / 100ML,1L,https://cdn0.woolworths.media/content/wowproductimages/small/698861.jpg,https://www.woolworths.com.au/shop/productdetails/698861
olive oil,698956,Woolworths Spanish Extra Virgin Olive Oil,Woolworths,9,$1.80 / 100ML,500mL,https://cdn0.woolworths.media/content/wowproductimages/small/698956.jpg,https://www.woolworths.com.au/shop/productdetails/698956
olive oil,562983,Macro Organic Extra Virgin Olive Oil Mediterranean,Macro Organic,8.8,$1.76 / 100ML,500mL,https://cdn0.woolworths.media/content/wowproductimages/small/562983.jpg,https://www.woolworths.com.au/shop/productdetails/562983
olive oil,698868,Woolworths Extra Virgin Spanish Olive Oil,Woolworths,14,$1.40 / 100ML,1L,https://cdn0.woolworths.media/content/wowproductimages/small/698868.jpg,https://www.woolworths.com.au/shop/productdetails/698868
olive oil,257879,Red Island Extra Virgin Olive Oil Cold Pressed,Red Island,25,$2.50 / 100ML,1L,https://cdn0.woolworths.media/content/wowproductimages/small/257879.jpg,https://www.woolworths.com.au/shop/productdetails/257879
olive oil,260739,Woolworths Extra Virgin Olive Oil Spray,Woolworths,3.3,$2.20 / 100G,150g,https://cdn0.woolworths.media/content/wowproductimages/small/260739.jpg,https://www.woolworths.com.au/shop/productdetails/260739
olive oil,370440,Moro Delicado Light Taste Olive Oil,Moro,27,$2.70 / 100ML,1L,https://cdn0.woolworths.media/content/wowproductimages/small/370440.jpg,https://www.woolworths.com.au/shop/productdetails/370440
olive oil,6079718,Terra Delyssa Extra Virgin Olive Oil,Terra Delyssa,21,$2.80 / 100ML,750mL,https://cdn0.woolworths.media/content/wowproductimages/small/6079718.jpg,https://www.woolworths.com.au/shop/productdetails/6079718
olive oil,652664,Moro Frutal Extra Virgin Olive Oil,Moro,27,$2.70 / 100ML,1L,https://cdn0.woolworths.media/content/wowproductimages/small/652664.jpg,https://www.woolworths.com.au/shop/productdetails/652664
olive oil,6079345,Moro Organico Extra Virgin Olive Oil,Moro,12,$2.40 / 100ML,500mL,https://cdn0.woolworths.media/content/wowproductimages/small/6079345.jpg,https://www.woolworths.com.au/shop/productdetails/6079345
olive oil,285931,La Gina Extra Virgin Olive Oil,La Gina,40,$1.06 / 100ML,3.78L,https://cdn0.woolworths.media/content/wowproductimages/small/285931.jpg,https://www.woolworths.com.au/shop/productdetails/285931
olive oil,217214,Red Island Extra Virgin Olive Oil Extra Virgin,Red Island,7,$2.80 / 100ML,250mL,https://cdn0.woolworths.media/content/wowproductimages/small/217214.jpg,https://www.woolworths.com.au/shop/productdetails/217214
olive oil,193319,Cobram Estate Olive Oil Extra Virgin,Cobram Estate,13,$3.47 / 100ML,375mL,https://cdn0.woolworths.media/content/wowproductimages/small/193319.jpg,https://www.woolworths.com.au/shop/productdetails/193319
olive oil,6079385,Cobram Estate Extra Virgin Olive Oil Spray,Cobram Estate,8,$4.57 / 100ML,175mL,https://cdn0.woolworths.media/content/wowproductimages/small/6079385.jpg,https://www.woolworths.com.au/shop/productdetails/6079385
olive oil,237418,Cobram Estate Classic Extra Virgin Olive Oil,Cobram Estate,25,$3.33 / 100ML,750mL,https://cdn0.woolworths.media/content/wowproductimages/small/237418.jpg,https://www.woolworths.com.au/shop/productdetails/237418
olive oil,217225,Red Island Cold Pressed Olive Oil Extra Virgin,Red Island,13,$2.60 / 100ML,500mL,https://cdn0.woolworths.media/content/wowproductimages/small/217225.jpg,https://www.woolworths.com.au/shop/productdetails/217225
olive oil,302647,Cobram Estate Light Olive Oil Extra Virgin,Cobram Estate,13,$3.47 / 100ML,375mL,https://cdn0.woolworths.media/content/wowproductimages/small/302647.jpg,https://www.woolworths.com.au/shop/productdetails/302647
olive oil,903638,Woolworths Australian Extra Virgin Olive Oil,Woolworths,19,$1.90 / 100ML,1L,https://cdn0.woolworths.media/content/wowproductimages/small/903638.jpg,https://www.woolworths.com.au/shop/productdetails/903638
olive oil,286223,La Gina Extra Virgin Olive Oil,La Gina,40,$1.00 / 100ML,4L,https://cdn0.woolworths.media/content/wowproductimages/small/286223.jpg,https://www.woolworths.com.au/shop/productdetails/286223
olive oil,698866,Woolworths Mediterranean Mellow Olive Oil,Woolworths,9,$1.80 / 100ML,500mL,https://cdn0.woolworths.media/content/wowproductimages/small/698866.jpg,https://www.woolworths.com.au/shop/productdetails/698866
olive oil,345955,Cobram Estate Extra Virgin Light Olive Oil,Cobram Estate,25,$3.33 / 100ML,750mL,https://cdn0.woolworths.media/content/wowproductimages/small/345955.jpg,https://www.woolworths.com.au/shop/productdetails/345955
olive oil,248084,Woolworths Extra Virgin Olive Oil,Woolworths,11,$2.20 / 100ML,500mL,https://cdn0.woolworths.media/content/wowproductimages/small/248084.jpg,https://www.woolworths.com.au/shop/productdetails/248084
olive oil,310022,Moro Primero Extra Virgin Olive Oil,Moro,40,$1.82 / 100ML,2.2L,https://cdn0.woolworths.media/content/wowproductimages/small/310022.jpg,https://www.woolworths.com.au/shop/productdetails/310022
olive oil,798037,Squeaky Gate Extra Virgin Olive Oil The Allrounder,Squeaky Gate,14,$1.87 / 100ML,750mL,https://cdn0.woolworths.media/content/wowproductimages/small/798037.jpg,https://www.woolworths.com.au/shop/productdetails/798037
olive oil,663196,Monini Classico Extra Virgin Olive Oil,Monini,,,750mL,https://cdn0.woolworths.media/content/wowproductimages/small/663196.jpg,https://www.woolworths.com.au/shop/productdetails/663196
rice,79980,Ben's Original Lightly Flavour Garlic Microwave Rice Pouch,Ben's Original,4,$1.60 / 100G,250g,https://cdn0.woolworths.media/content/wowproductimages/small/079980.jpg,https://www.woolworths.com.au/shop/productdetails/79980
rice,261735,Ben's Original Savoury Chicken Flavour Microwave Rice Pouch,Ben's Original,4,$1.60 / 100G,250g,https://cdn0.woolworths.media/content/wowproductimages/small/261735.jpg,https://www.woolworths.com.au/shop/productdetails/261735
rice,176829,Ben's Original Coconut Chilli & Lemongrass Microwave Rice Pouch,Ben's Original,4,$1.60 / 100G,250g,https://cdn0.woolworths.media/content/wowproductimages/small/176829.jpg,https://www.woolworths.com.au/shop/productdetails/176829
rice,947246,Ben's Original Special Fried Rice,Ben's Original,4,$1.60 / 100G,250g,https://cdn0.woolworths.media/content/wowproductimages/small/947246.jpg,https://www.woolworths.com.au/shop/productdetails/947246
rice,35007,Woolworths Essentials Long Grain Rice Long Grain,Woolworths Essentials,1.8,$0.18 / 100G,1kg,https://cdn0.woolworths.media/content/wowproductimages/small/035007.jpg,https://www.woolworths.com.au/shop/productdetails/35007
rice,360346,Woolworths Microwave Jasmine Rice,Woolworths,1.65,$0.66 / 100G,250g,https://cdn0.woolworths.media/content/wowproductimages/small/360346.jpg,https://www.woolworths.com.au/shop/productdetails/360346
rice,360352,Woolworths Microwave White Long Grain Rice Family,Woolworths,2.75,$0.61 / 100G,450g,https://cdn0.woolworths.media/content/wowproductimages/small/360352.jpg,https://www.woolworths.com.au/shop/productdetails/360352
rice,360343,Woolworths Microwave Long Grain White Rice,Woolworths,1.65,$0.66 / 100G,250g,https://cdn0.woolworths.media/content/wowproductimages/small/360343.jpg,https://www.woolworths.com.au/shop/productdetails/360343
rice,694550,Woolworths Basmati Rice,Woolworths,4,$0.40 / 100G,1kg,https://cdn0.woolworths.media/content/wowproductimages/small/694550.jpg,https://www.woolworths.com.au/shop/productdetails/694550
rice,360348,Woolworths Microwave Basmati Rice,Woolworths,1.65,$0.66 / 100G,250g,https://cdn0.woolworths.media/content/wowproductimages/small/360348.jpg,https://www.woolworths.com.au/shop/productdetails/360348
rice,270829,Ben's Original Mexican Style Microwave Rice Pouch,Ben's Original,4,$1.60 / 100G,250g,https://cdn0.woolworths.media/content/wowproductimages/small/270829.jpg,https://www.woolworths.com.au/shop/productdetails/270829
rice,352039,Sunrice Microwave Jasmine Rice Pouch Fragrant Jasmine Rice Family,Sunrice,3.95,$0.88 / 100G,450g,https://cdn0.woolworths.media/content/wowproductimages/small/352039.jpg,https://www.woolworths.com.au/shop/productdetails/352039
rice,177521,Ben's Original Lightly Flavour Coconut Microwave Rice Pouch,Ben's Original,4,$1.60 / 100G,250g,https://cdn0.woolworths.media/content/wowproductimages/small/177521.jpg,https://www.woolworths.com.au/shop/productdetails/177521
rice,261734,Ben's Original Tomato & Basil Microwave Rice Pouch,Ben's Original,4,$1.60 / 100G,250g,https://cdn0.woolworths.media/content/wowproductimages/small/261734.jpg,https://www.woolworths.com.au/shop/productdetails/261734
rice,552489,Woolworths Long Grain Rice Microwave Cups,Woolworths,2.2,$0.88 / 100G,2 pack,https://cdn0.woolworths.media/content/wowproductimages/small/552489.jpg,https://www.woolworths.com.au/shop/productdetails/552489
rice,601342,Woolworths Jasmine Rice,Woolworths,3.2,$0.32 / 100G,1kg,https://cdn0.woolworths.media/content/wowproductimages/small/601342.jpg,https://www.woolworths.com.au/shop/productdetails/601342
rice,72779,Woolworths Essentials Long Grain Rice Long Grain,Woolworths Essentials,8.5,$0.17 / 100G,5kg,https://cdn0.woolworths.media/content/wowproductimages/small/072779.jpg,https://www.woolworths.com.au/shop/productdetails/72779
rice,63665,Woolworths Basmati Rice Microwave Cup,Woolworths,2.2,$0.88 / 100G,125g x 2 pack,https://cdn0.woolworths.media/content/wowproductimages/small/063665.jpg,https://www.woolworths.com.au/shop/productdetails/63665
rice,552488,Woolworths Brown Rice Microwave Cups,Woolworths,2.2,$0.88 / 100G,2 pack,https://cdn0.woolworths.media/content/wowproductimages/small/552488.jpg,https://www.woolworths.com.au/shop/productdetails/552488
rice,755971,Macro Organic Jasmine Rice,Macro,4.8,$0.64 / 100G,750g,https://cdn0.woolworths.media/content/wowproductimages/small/755971.jpg,https://www.woolworths.com.au/shop/productdetails/755971
rice,360351,Woolworths Microwave Brown Rice,Woolworths,1.65,$0.66 / 100G,250g,https://cdn0.woolworths.media/content/wowproductimages/small/360351.jpg,https://www.woolworths.com.au/shop/productdetails/360351
rice,36493,Sunrice White Rice Premium Long Grain,Sunrice,3,$0.30 / 100G,1kg,https://cdn0.woolworths.media/content/wowproductimages/small/036493.jpg,https://www.woolworths.com.au/shop/productdetails/36493
rice,827615,Woolworths Australian White Medium Grain Rice,Woolworths,3,$0.30 / 100G,1kg,https://cdn0.woolworths.media/content/wowproductimages/small/827615.jpg,https://www.woolworths.com.au/shop/productdetails/827615
rice,694551,Woolworths Basmati Rice,Woolworths,7.5,$0.38 / 100G,2kg,https://cdn0.woolworths.media/content/wowproductimages/small/694551.jpg,https://www.woolworths.com.au/shop/productdetails/694551
rice,528193,Woolworths Family Size Jasmine Rice,Woolworths,2.75,$0.61 / 100G,450g,https://cdn0.woolworths.media/content/wowproductimages/small/528193.jpg,https://www.woolworths.com.au/shop/productdetails/528193
rice,352041,Sunrice Microwave White Long Grain Rice Cup,Sunrice,2.1,$0.84 / 100G,125g x 2 pack,https://cdn0.woolworths.media/content/wowproductimages/small/352041.jpg,https://www.woolworths.com.au/shop/productdetails/352041
rice,528194,Woolworths Family Size Basmati Rice,Woolworths,2.75,$0.61 / 100G,450g,https://cdn0.woolworths.media/content/wowproductimages/small/528194.jpg,https://www.woolworths.com.au/shop/productdetails/528194
rice,777630,Woolworths Brown Rice Grain,Woolworths,2.5,$0.25 / 100G,1kg,https://cdn0.woolworths.media/content/wowproductimages/small/777630.jpg,https://www.woolworths.com.au/shop/productdetails/777630
rice,371049,Sunrice Microwave Basmati Rice Cup 2 Quick Cups,Sunrice,2.1,$0.88 / 100G,120g x 2 pack,https://cdn0.woolworths.media/content/wowproductimages/small/371049.jpg,https://www.woolworths.com.au/shop/productdetails/371049
rice,244754,Sunrice Microwave Jasmine Rice Pouch Jasmine Rice In 90 Seconds,Sunrice,3,$1.20 / 100G,250g,https://cdn0.woolworths.media/content/wowproductimages/small/244754.jpg,https://www.woolworths.com.au/shop/productdetails/244754
rice,601343,Woolworths Jasmine Rice,Woolworths,13.5,$0.27 / 100G,5kg,https://cdn0.woolworths.media/content/wowproductimages/small/601343.jpg,https://www.woolworths.com.au/shop/productdetails/601343
pasta,6026438,La Gina Fusilli Pasta,La Gina,2.8,$0.56 / 100G,500g,https://cdn0.woolworths.media/content/wowproductimages/small/6026438.jpg,https://www.woolworths.com.au/shop/productdetails/6026438
pasta,6057970,Barilla Al Bronzo Pasta Fusilli,Barilla,4.3,$0.86 / 100G,500g,https://cdn0.woolworths.media/content/wowproductimages/small/6057970.jpg,https://www.woolworths.com.au/shop/productdetails/6057970
pasta,6026439,La Gina Spaghetti Pasta,La Gina,2.8,$0.56 / 100G,500g,https://cdn0.woolworths.media/content/wowproductimages/small/6026439.jpg,https://www.woolworths.com.au/shop/productdetails/6026439
pasta,78921,Barilla Basilico Pasta Sauce Basilico Tomato Basil,Barilla,4.9,$1.23 / 100G,400g,https://cdn0.woolworths.media/content/wowproductimages/small/078921.jpg,https://www.woolworths.com.au/shop/productdetails/78921
pasta,346833,Woolworths Pasta Spirals,Woolworths,1,$0.20 / 100G,500g,https://cdn0.woolworths.media/content/wowproductimages/small/346833.jpg,https://www.woolworths.com.au/shop/productdetails/346833
pasta,188800,Woolworths Essentials Pasta Penne,Woolworths Essentials,0.9,$0.18 / 100G,500g,https://cdn0.woolworths.media/content/wowproductimages/small/188800.jpg,https://www.woolworths.com.au/shop/productdetails/188800
pasta,215451,Macro Organic Spirals Pasta,Macro,1.95,$0.39 / 100G,500g,https://cdn0.woolworths.media/content/wowproductimages/small/215451.jpg,https://www.woolworths.com.au/shop/productdetails/215451
pasta,346830,Woolworths Pasta Spaghetti,Woolworths,1,$0.20 / 100G,500g,https://cdn0.woolworths.media/content/wowproductimages/small/346830.jpg,https://www.woolworths.com.au/shop/productdetails/346830
pasta,346831,Woolworths Pasta Penne Rigate,Woolworths,1,$0.20 / 100G,500g,https://cdn0.woolworths.media/content/wowproductimages/small/346831.jpg,https://www.woolworths.com.au/shop/productdetails/346831
pasta,35742,San Remo Penne Pasta No 18,San Remo,2.95,$0.59 / 100G,500g,https://cdn0.woolworths.media/content/wowproductimages/small/035742.jpg,https://www.woolworths.com.au/shop/productdetails/35742
pasta,321800,Leggo's Fresh Beef Tomato & Parmesan Ravioli,Leggo's,7.5,$1.19 / 100G,630g,https://cdn0.woolworths.media/content/wowproductimages/small/321800.jpg,https://www.woolworths.com.au/shop/productdetails/321800
pasta,315578,Barilla Bolognese Pasta Sauce Bolognese,Barilla,4.9,$1.23 / 100G,400g,https://cdn0.woolworths.media/content/wowproductimages/small/315578.jpg,https://www.woolworths.com.au/shop/productdetails/315578
pasta,6056828,Barilla Al Bronzo Spaghetti Pasta,Barilla,4.3,$0.86 / 100G,500g,https://cdn0.woolworths.media/content/wowproductimages/small/6056828.jpg,https://www.woolworths.com.au/shop/productdetails/6056828
pasta,321835,Leggo's Ravioli Beef Tomato & Parmesan,Leggo's,5,$1.39 / 100G,360g,https://cdn0.woolworths.media/content/wowproductimages/small/321835.jpg,https://www.woolworths.com.au/shop/productdetails/321835
pasta,36756,San Remo Spirals Large Pasta,San Remo,2.95,$0.59 / 100G,500g,https://cdn0.woolworths.media/content/wowproductimages/small/036756.jpg,https://www.woolworths.com.au/shop/productdetails/36756
pasta,93383,Barilla Pasta Fusilli Pasta No 98,Barilla,3.5,$0.70 / 100G,500g,https://cdn0.woolworths.media/content/wowproductimages/small/093383.jpg,https://www.woolworths.com.au/shop/productdetails/93383
pasta,10305,San Remo Trivelle Pasta,San Remo,2.95,$0.59 / 100G,500g,https://cdn0.woolworths.media/content/wowproductimages/small/010305.jpg,https://www.woolworths.com.au/shop/productdetails/10305
pasta,745386,Woolworths Large Pasta Shells,Woolworths,1,$0.20 / 100G,500g,https://cdn0.woolworths.media/content/wowproductimages/small/745386.jpg,https://www.woolworths.com.au/shop/productdetails/745386
pasta,88382,Barilla Pasta Rigatoni Pasta No 89,Barilla,3.5,$0.70 / 100G,500g,https://cdn0.woolworths.media/content/wowproductimages/small/088382.jpg,https://www.woolworths.com.au/shop/productdetails/88382
pasta,188799,Woolworths Essentials Pasta Spirals,Woolworths Essentials,0.9,$0.18 / 100G,500g,https://cdn0.woolworths.media/content/wowproductimages/small/188799.jpg,https://www.woolworths.com.au/shop/productdetails/188799
pasta,43974,San Remo Spaghetti Pasta No 5,San Remo,2.95,$0.59 / 100G,500g,https://cdn0.woolworths.media/content/wowproductimages/small/043974.jpg,https://www.woolworths.com.au/shop/productdetails/43974
pasta,93054,San Remo Rigatoni Pasta No 22,San Remo,2.95,$0.59 / 100G,500g,https://cdn0.woolworths.media/content/wowproductimages/small/093054.jpg,https://www.woolworths.com.au/shop/productdetails/93054
pasta,346837,Woolworths Pasta Macaroni,Woolworths,1,$0.20 / 100G,500g,https://cdn0.woolworths.media/content/wowproductimages/small/346837.jpg,https://www.woolworths.com.au/shop/productdetails/346837
pasta,346835,Woolworths Pasta Fettuccine,Woolworths,1,$0.20 / 100G,500g,https://cdn0.woolworths.media/content/wowproductimages/small/346835.jpg,https://www.woolworths.com.au/shop/productdetails/346835
pasta,123906,La Molisana Extra Lusso Fusilli Pasta,La Molisana,2.8,$0.56 / 100G,500g,https://cdn0.woolworths.media/content/wowproductimages/small/123906.jpg,https://www.woolworths.com.au/shop/productdetails/123906
pasta,215448,Macro Organic Penne Pasta,Macro,1.95,$0.39 / 100G,500g,https://cdn0.woolworths.media/content/wowproductimages/small/215448.jpg,https://www.woolworths.com.au/shop/productdetails/215448
pasta,83764,Barilla Pasta Penne Rigate Rigate Pasta No 73,Barilla,3.5,$0.70 / 100G,500g,https://cdn0.woolworths.media/content/wowproductimages/small/083764.jpg,https://www.woolworths.com.au/shop/productdetails/83764
pasta,44571,Woolworths Essentials Pasta Spaghetti,Woolworths Essentials,0.9,$0.18 / 100G,500g,https://cdn0.woolworths.media/content/wowproductimages/small/044571.jpg,https://www.woolworths.com.au/shop/productdetails/44571
pasta,9010,Zafarelli Pennette Rigate Pasta No 18,Zafarelli,2,$0.40 / 100G,500g,https://cdn0.woolworths.media/content/wowproductimages/small/009010.jpg,https://www.woolworths.com.au/shop/productdetails/9010
pasta,48900,San Remo Bows Ties Pasta No 23,San Remo,2.95,$0.59 / 100G,500g,https://cdn0.woolworths.media/content/wowproductimages/small/048900.jpg,https://www.woolworths.com.au/shop/productdetails/48900
pasta,9011,Zafarelli Fusilli Pasta No 17,Zafarelli,2,$0.40 / 100G,500g,https://cdn0.woolworths.media/content/wowproductimages/small/009011.jpg,https://www.woolworths.com.au/shop/productdetails/9011
pasta,94849,Zafarelli Liscio Piccolo Pasta No 40,Zafarelli,2,$0.40 / 100G,500g,https://cdn0.woolworths.media/content/wowproductimages/small/094849.jpg,https://www.woolworths.com.au/shop/productdetails/94849
tomato,134034,Gourmet Tomato,,0.54,$0.54 / 1EA,each,https://cdn0.woolworths.media/content/wowproductimages/small/134034.jpg,https://www.woolworths.com.au/shop/productdetails/134034
tomato,149864,Tomato Roma Red,,0.8,$0.80 / 1EA,each,https://cdn0.woolworths.media/content/wowproductimages/small/149864.jpg,https://www.woolworths.com.au/shop/productdetails/149864
tomato,169438,Truss Tomatoes,,1.11,$1.11 / 1EA,each,https://cdn0.woolworths.media/content/wowproductimages/small/169438.jpg,https://www.woolworths.com.au/shop/productdetails/169438
tomato,727144,Woolworths Sweet Solanato Tomato Punnet Punnet,Woolworths,3.5,$17.50 / 1KG,200g,https://cdn0.woolworths.media/content/wowproductimages/small/727144.jpg,https://www.woolworths.com.au/shop/productdetails/727144
tomato,149620,Woolworths Cherry Tomatoes Punnet,Woolworths,3.2,$12.80 / 1KG,250g,https://cdn0.woolworths.media/content/wowproductimages/small/149620.jpg,https://www.woolworths.com.au/shop/productdetails/149620
tomato,166144,Mini-Roma Tomato Punnet,Mini-Roma,3.5,$14.00 / 1KG,250g,https://cdn0.woolworths.media/content/wowproductimages/small/166144.jpg,https://www.woolworths.com.au/shop/productdetails/166144
tomato,143730,Woolworths Gourmet Tomatoes Punnet,Woolworths,,,1kg,https://cdn0.woolworths.media/content/wowproductimages/small/143730.jpg,https://www.woolworths.com.au/shop/productdetails/143730
tomato,196442,Woolworths Tomato Truss Punnet,Woolworths,5.5,$11.00 / 1KG,500g,https://cdn0.woolworths.media/content/wowproductimages/small/196442.jpg,https://www.woolworths.com.au/shop/productdetails/196442
tomato,747009,Woolworths Truss Cocktail Tomato Punnet,Woolworths,4.5,$18.00 / 1KG,250g,https://cdn0.woolworths.media/content/wowproductimages/small/747009.jpg,https://www.woolworths.com.au/shop/productdetails/747009
tomato,760007,Woolworths Roma Tomato Punnet,Woolworths,4.9,$10.21 / 1KG,480g,https://cdn0.woolworths.media/content/wowproductimages/small/760007.jpg,https://www.woolworths.com.au/shop/productdetails/760007
tomato,825891,The Odd Bunch Tomato Prepacked,The Odd Bunch,3.7,$3.70 / 1KG,1kg,https://cdn0.woolworths.media/content/wowproductimages/small/825891.jpg,https://www.woolworths.com.au/shop/productdetails/825891
tomato,759911,Woolworths Gourmet Tomatoes Punnet,Woolworths,4.5,$9.38 / 1KG,480g,https://cdn0.woolworths.media/content/wowproductimages/small/759911.jpg,https://www.woolworths.com.au/shop/productdetails/759911
tomato,61078,Perfection Fresh Mix-a-Mato® Tomatoes,Perfection,6.9,$21.56 / 1KG,320g,https://cdn0.woolworths.media/content/wowproductimages/small/061078.jpg,https://www.woolworths.com.au/shop/productdetails/61078
tomato,6055511,Tinyberry Tomatoes,,3,$24.00 / 1KG,125g,https://cdn0.woolworths.media/content/wowproductimages/small/6055511.jpg,https://www.woolworths.com.au/shop/productdetails/6055511
tomato,663649,Perfection Fresh Kumato Tomato Punnet,Perfection,,,300g,https://cdn0.woolworths.media/content/wowproductimages/small/663649.jpg,https://www.woolworths.com.au/shop/productdetails/663649
tomato,665587,The Odd Bunch Tasty Snacking Tomato,The Odd Bunch,,,350g,https://cdn0.woolworths.media/content/wowproductimages/small/665587.jpg,https://www.woolworths.com.au/shop/productdetails/665587
tomato,322963,John West Salmon Bowl With Risoni Cherry & Sundried Tomato Olives Lemon,John West,5,$29.41 / 1KG,170g,https://cdn0.woolworths.media/content/wowproductimages/small/322963.jpg,https://www.woolworths.com.au/shop/productdetails/322963
tomato,770320,Woolworths Diced Italian Tomatoes,Woolworths,1.1,$2.75 / 1KG,400g,https://cdn0.woolworths.media/content/wowproductimages/small/770320.jpg,https://www.woolworths.com.au/shop/productdetails/770320
tomato,700642,Macro Organic Tomatoes Diced,Macro,1.6,$4.00 / 1KG,400g,https://cdn0.woolworths.media/content/wowproductimages/small/700642.jpg,https://www.woolworths.com.au/shop/productdetails/700642
tomato,344550,Mutti Polpa Finely Chopped Tomatoes,Mutti,2.3,$5.75 / 1KG,400g,https://cdn0.woolworths.media/content/wowproductimages/small/344550.jpg,https://www.woolworths.com.au/shop/productdetails/344550
tomato,236393,Woolworths Diced Italian Tomatoes,Woolworths,2,$2.50 / 1KG,800g,https://cdn0.woolworths.media/content/wowproductimages/small/236393.jpg,https://www.woolworths.com.au/shop/productdetails/236393
tomato,311488,Woolworths Essentials Diced Tomatoes,Woolworths Essentials,0.95,$2.38 / 1KG,400g,https://cdn0.woolworths.media/content/wowproductimages/small/311488.jpg,https://www.woolworths.com.au/shop/productdetails/311488
tomato,230392,Ardmona Crushed Vine Ripened Tomatoes,Ardmona,1.8,$4.39 / 1KG,400g,https://cdn0.woolworths.media/content/wowproductimages/small/230392.jpg,https://www.woolworths.com.au/shop/productdetails/230392
tomato,38153,Annalisa Tomatoes Diced,Annalisa,1.5,$3.75 / 1KG,400g,https://cdn0.woolworths.media/content/wowproductimages/small/038153.jpg,https://www.woolworths.com.au/shop/productdetails/38153
cheese,769584,Perfect Italiano Grated Pizza Plus Cheese Cheese,Perfect Italiano,9.2,$20.44 / 1KG,450g,https://cdn0.woolworths.media/content/wowproductimages/small/769584.jpg,https://www.woolworths.com.au/shop/productdetails/769584
cheese,6079144,Dairyworks Protein Cheese & Rice Crackers,Dairyworks,11.5,$38.33 / 1KG,10 pack,https://cdn0.woolworths.media/content/wowproductimages/small/6079144.jpg,https://www.woolworths.com.au/shop/productdetails/6079144
cheese,759656,Perfect Italiano Grated Perfect Bakes 3 Cheeses 3 Cheeses,Perfect Italiano,9.2,$20.44 / 1KG,450g,https://cdn0.woolworths.media/content/wowproductimages/small/759656.jpg,https://www.woolworths.com.au/shop/productdetails/759656
cheese,324007,Zanetti Grana Padano Parmesan Cheese Grana Padano,Zanetti,11.9,$59.50 / 1KG,200g,https://cdn0.woolworths.media/content/wowproductimages/small/324007.jpg,https://www.woolworths.com.au/shop/productdetails/324007
cheese,500187,Hillview Cheese Block,Hillview,9.3,$9.30 / 1KG,1kg,https://cdn0.woolworths.media/content/wowproductimages/small/500187.jpg,https://www.woolworths.com.au/shop/productdetails/500187
cheese,224941,Woolworths Tasty Cheese Slices,Woolworths,7.5,$15.00 / 1KG,500g,https://cdn0.woolworths.media/content/wowproductimages/small/224941.jpg,https://www.woolworths.com.au/shop/productdetails/224941
cheese,310237,Woolworths Tasty Cheese Block,Woolworths,6.8,$13.60 / 1KG,500g,https://cdn0.woolworths.media/content/wowproductimages/small/310237.jpg,https://www.woolworths.com.au/shop/productdetails/310237
cheese,6041303,Hillview Original Cheese Slices,Hillview,3.8,$8.80 / 1KG,432g,https://cdn0.woolworths.media/content/wowproductimages/small/6041303.jpg,https://www.woolworths.com.au/shop/productdetails/6041303
cheese,40471,Bega Tasty Cheese Block Cheese,Bega,11.2,$22.40 / 1KG,500g,https://cdn0.woolworths.media/content/wowproductimages/small/040471.jpg,https://www.woolworths.com.au/shop/productdetails/40471
cheese,769558,Bega Tasty Cheese Slices Slices,Bega,11.8,$23.60 / 1KG,500g,https://cdn0.woolworths.media/content/wowproductimages/small/769558.jpg,https://www.woolworths.com.au/shop/productdetails/769558
cheese,6079166,Dairyworks Grated Protein Cheese,Dairyworks,7.5,$18.75 / 1KG,400g,https://cdn0.woolworths.media/content/wowproductimages/small/6079166.jpg,https://www.woolworths.com.au/shop/productdetails/6079166
cheese,6079038,Dairyworks Protein Cheese Slices,Dairyworks,8,$20.00 / 1KG,400g,https://cdn0.woolworths.media/content/wowproductimages/small/6079038.jpg,https://www.woolworths.com.au/shop/productdetails/6079038
cheese,72546,Philadelphia Original Cream Cheese Twin Block,Philadelphia,10,$20.00 / 1KG,500g,https://cdn0.woolworths.media/content/wowproductimages/small/072546.jpg,https://www.woolworths.com.au/shop/productdetails/72546
cheese,63584,Primo Stackers Mild Salami Cheddar Cheese & Crackers,Primo,3.5,$70.00 / 1KG,50g,https://cdn0.woolworths.media/content/wowproductimages/small/063584.jpg,https://www.woolworths.com.au/shop/productdetails/63584
cheese,224944,Woolworths Extra Tasty Cheese Slices,Woolworths,7.5,$15.00 / 1KG,500g,https://cdn0.woolworths.media/content/wowproductimages/small/224944.jpg,https://www.woolworths.com.au/shop/productdetails/224944
cheese,69369,Bega Tasty Cheese Slices Slices,Bega,8,$32.00 / 1KG,250g,https://cdn0.woolworths.media/content/wowproductimages/small/069369.jpg,https://www.woolworths.com.au/shop/productdetails/69369
cheese,891325,Woolworths Tasty Cheese Block,Woolworths,10.5,$10.50 / 1KG,1kg,https://cdn0.woolworths.media/content/wowproductimages/small/891325.jpg,https://www.woolworths.com.au/shop/productdetails/891325
cheese,40709,Bega Tasty Cheese Block Cheese,Bega,8,$32.00 / 1KG,250g,https://cdn0.woolworths.media/content/wowproductimages/small/040709.jpg,https://www.woolworths.com.au/shop/productdetails/40709
cheese,224943,Woolworths Colby Cheese Slices,Woolworths,7.5,$15.00 / 1KG,500g,https://cdn0.woolworths.media/content/wowproductimages/small/224943.jpg,https://www.woolworths.com.au/shop/productdetails/224943
cheese,310238,Woolworths Extra Tasty Cheese Block,Woolworths,6.8,$13.60 / 1KG,500g,https://cdn0.woolworths.media/content/wowproductimages/small/310238.jpg,https://www.woolworths.com.au/shop/productdetails/310238
cheese,48443,Bega Cheese Block Strong & Bitey Vintage,Bega,11.2,$22.40 / 1KG,500g,https://cdn0.woolworths.media/content/wowproductimages/small/048443.jpg,https://www.woolworths.com.au/shop/productdetails/48443
cheese,224942,Woolworths Light Tasty Cheese Slices,Woolworths,7.5,$15.00 / 1KG,500g,https://cdn0.woolworths.media/content/wowproductimages/small/224942.jpg,https://www.woolworths.com.au/shop/productdetails/224942
cheese,348705,Woolworths Swiss Cheese Slices,Woolworths,4.8,$24.00 / 1KG,200g,https://cdn0.woolworths.media/content/wowproductimages/small/348705.jpg,https://www.woolworths.com.au/shop/productdetails/348705
cheese,769525,Bega Cheese Slices Strong & Bitey Vintage,Bega,11.8,$23.60 / 1KG,500g,https://cdn0.woolworths.media/content/wowproductimages/small/769525.jpg,https://www.woolworths.com.au/shop/productdetails/769525
cheese,930997,Jarlsberg Original Cheese Slices Sliced Cheese,Jarlsberg,9,$60.00 / 1KG,150g,https://cdn0.woolworths.media/content/wowproductimages/small/930997.jpg,https://www.woolworths.com.au/shop/productdetails/930997
cheese,165838,Cheer Tasty Cheese Slices,Cheer,14.5,$19.33 / 1KG,48 pack,https://cdn0.woolworths.media/content/wowproductimages/small/165838.jpg,https://www.woolworths.com.au/shop/productdetails/165838
cheese,250729,Woolworths Tasty Cheese Block,Woolworths,4.9,$19.60 / 1KG,250g,https://cdn0.woolworths.media/content/wowproductimages/small/250729.jpg,https://www.woolworths.com.au/shop/productdetails/250729
cheese,32198,Mainland Tasty Cheese Block Cheese,Mainland,11.8,$23.60 / 1KG,500g,https://cdn0.woolworths.media/content/wowproductimages/small/032198.jpg,https://www.woolworths.com.au/shop/productdetails/32198
cheese,6040686,Hillview Light Cheese Slices,Hillview,3.8,$8.80 / 1KG,432g,https://cdn0.woolworths.media/content/wowproductimages/small/6040686.jpg,https://www.woolworths.com.au/shop/productdetails/6040686
cheese,166625,Cheer Tasty Cheese Block,Cheer,14.95,$14.95 / 1KG,1kg,https://cdn0.woolworths.media/content/wowproductimages/small/166625.jpg,https://www.woolworths.com.au/shop/productdetails/166625
cheese,6044080,Woolworths Extra Tasty Cheese Block,Woolworths,10.5,$10.50 / 1KG,1kg,https://cdn0.woolworths.media/content/wowproductimages/small/6044080.jpg,https://www.woolworths.com.au/shop/productdetails/6044080
cheese,807870,Mainland Extra Tasty Cheese Block,Mainland,11.8,$23.60 / 1KG,500g,https://cdn0.woolworths.media/content/wowproductimages/small/807870.jpg,https://www.woolworths.com.au/shop/productdetails/807870
